id,name,description,release_date,duration_ms,language,explicit,type
7HXT8mbrVTyhZ5kR0L7goF,A massiva Plataforma de Dados no Itaú - Data Hackers Podcast 64,"Que tal conhecer como o Itaú consegue criar uma plataforma de dados poderosa para suportar os mais de 26 terabytes de dados que chegam de seus mais de 65 milhões de clientes? Nesse episódio de hoje, entramos a fundo no Itaú para entender como eles lidam com esse desafio e suportam esse crescimento. Para esse papo, chamamos o Moisés Nascimento (Chief Data Officer), a Priscila Cardoso (Superintendente de Gestão de Dados) e o Roberto Figueira (Head de Engenharia da plataforma de Dados) para nos contar tudo sobre a Data Platform do Itaú.  Conheça nossos convidados: Linkedin do Moisés Nascimento: https://www.linkedin.com/in/monascimento/ Linkedin da Priscila Cardoso: https://www.linkedin.com/in/priscilacf/ Linkedin do Roberto Figueira: https://www.linkedin.com/in/roberto-figueira-santos-filho-55225b3/ Post do episódio: https://medium.com/data-hackers/a-massiva-plataforma-de-dados-do-ita%C3%BA-data-hackers-podcast-64-db81df4a603b ",2023-03-10,4012904,pt-BR,False,episode
0gyuotFso7mRZVzwgonIJZ,Os maiores cases de Data Science no Grupo Boticário - Data Hackers Podcast 63,"Convidamos o Grupo Boticário para contar como está aplicando na prática modelos de Data Science no varejo.  O time de Data Science compartilhou com a gente alguns cases de modelos de recomendação para o ecommerce, como trabalham com os vendedores trazendo ferramentas para que eles vendam mais. Os projetos que trouxeram para demonstrar um pouco de como trabalham com dados foram: o BotiEssence, que faz sugestão de produtos pro consumidor final; o BotiColorista, que faz classificação de tendências de cores; e o projeto Lyra iniciativa para tornar os processos do time de performance de produto mais data-driven. Consiste em entregas de soluções de Data Science e BI para áreas como Estabilidade e Segurança de Formulações, Ecotoxicidade, Ciências do Consumidor, Tecnologia de Materiais e Cosmetovigilância. Os resultados do State of Data Brasil já está no ar! Trata-se do maior mapeamento do mercado de dados no Brasil.  Para fazer o download do relatório clique aqui. Conheça nossos convidados Linkedin do Carlos Fonseca Linkedin da Giuliana de Jong Linkedin do Raphael Corrêa",2023-02-13,3578174,pt-BR,False,episode
20rxcV3zcWIZHGhZi4iYm9,"RFC, ADR e Postmortem: a documentação técnica - Staff+ Podcast 05","No primeiro episódio de 2023 do Staff+ Podcast, Paulo Vasconcellos, Flávio Clésio e Marlesson Santana conversam com um convidado mais do que especial que é o Marco Aurelio Ribeiro (carinhosamente conhecido como Matador) sobre Documentação Tecnica; em especial sobre RFCs (Request for Comments — Requisição para Comentários), ADR (Architecture Design Record — Registro de Decisões Arquiteturais) e Revisão de Incidentes. Nosso convidado: Linkedin do Marco Aurélio Acesse nosso post do Medium para acesso as referências:  https://medium.com/data-hackers/documenta%C3%A7%C3%A3o-tecnica-staff-podcast-05-a2701075b334",2023-02-03,4995918,pt-BR,False,episode
4tzfcC41OZa5mvLIjZ9dKG,As Tendências para Dados e AI em 2023 - Episódio 62,"Chegou aquele momento do ano em que vamos tentar prever o que será tendência em Dados e AI para o ano de 2023! Será que AI generativas ainda estarão em alta? E salários, hein? Vem com a gente pra esse papo com nossos community managers Mario Filho e Pietro Oliveira. Acesse o post para acessar as referências do episódio: https://medium.com/data-hackers/as-tend%C3%AAncias-para-dados-e-ai-em-2023-data-hackers-podcast-62-2dff6fdddb6e",2023-01-22,3619578,pt-BR,False,episode
7pASdhuqTbNW69qukx1Dfb,Liderando times de Dados -  Data Hackers Podcast 61,"Convidamos alguns dos maiores especialistas em gestão de times de dados do Brasil para compartilhar as estratégias de formação e liderança de equipes de dados prontos para encarar os desafios da atualidade. Conheça nossos participantes:   Philipp Nguyen - Director of Data at Grupo Boticário  Lucas Brossi - Head of Advanced Analytics for South America na Bain & Company   Andrea Suman - CDO Chief Data Officer no Hospital Israelita Albert Einstein  Se você é um líder de dados, se pensa em se tornar um líder ou simplesmente quer saber mais sobre o tema, vai curtir muito esse episódio. Hoje convidamos alguns dos maiores especialistas em gestão de equipes de dados no Brasil para um papo exclusivo sobre liderança de equipes de dados diante dos desafios atuais das empresas! No podcast falamos de descentralização de equipes de dados, desafios de crescimento das equipes e das empresas, dicas para quem quer se tornar um gestor e muito mais. Vale a pena conferir, a conversa está sensacional! Acesse o nosso Medium para acessar todas as referências e links do episódio: https://medium.com/data-hackers",2022-12-04,4299102,pt-BR,False,episode
3RZPCeQYLMaMLHyWQlpfQZ,Como pedir e fazer mentorias - Staff+ Podcast 04 ,"No quarto episódio do Staff+ Podcast, Paulo Vasconcellos, Flávio Clésio e Marlesson Santana falam sobre um assunto importante e pouco comentado que é a prática de receber e oferecer mentorias. Falamos sobre os desafios para mentores e mentorados, e e como estar em qualquer um desses papeis é crucial para o caminho para o Staff+ Engineering. Discutimos as características e atributos de cada um dos papeis, a arte de escutar durante uma mentoria, como culturas de engenharia que estimulam mentorias colaboram com o crescimento profissional de todos, e também qual é o melhor momento para se encerrar a mentoria. Vem ouvir!",2022-11-21,3359242,pt-BR,False,episode
1JlNxcHMPhpzpT8bpzLMo6,O que é e para que serve MLOps? - Data Hackers Podcast 60,"Se você quer conhecer sobre a área que está ajudando time de data science e machine learning a colocar seus modelos em produção de forma sustentável e escalável, esse episódio é para você. Hoje nós vamos falar sobre Machine Learning Operations, o MLOps! Para essa conversa nós convidamos nossos amigos da ThoughtWorks para explicar os desafios e necessidades em criar uma cultura de MLOps. Participaram desse papo os Machine Learning Engineers Eduardo Santos e Wilder Barbosa Galvão. Vem ouvir! Conheça nossos convidados Linkedin do Eduardo Santos Linkedin do Wilder Barbosa Galvão Falmos no episódio Confira o post no Medium: https://medium.com/data-hackers/o-que-%C3%A9-e-para-que-serve-mlops-data-hackers-podcast-60-4bbb0acca03f",2022-11-04,3876884,pt-BR,False,episode
03o6RORhWtVcYHRpB1Fa1w,Modern Data Stack no Grupo Boticário - Data Hackers Podcast 59,"A Modern Data Stack é uma das maiores tendências na área de dados. O termo se tornou famoso por ser uma abordagem que empresas podem utilizar para se adequar rapidamente a mudanças, não só de negócios, mas do mercado em si, plugando soluções que resolvem diferentes etapas do dado nas empresas, da coleta a documentação. E, para nos contar como é aplicar os conceitos da Modern Data Stack de forma bem prática no dia a dia, convidamos nossos amigos do Grupo Boticário para esse papo. Vem conferir! Participe do State of Data Brazil, a maior pesquisa do mercado de dados no Brasil: https://www.stateofdata.com.br/ Conheça nossos participantes: Linkedin do Igor Vieira Linkedin do Rafael Ubertini Linkedin do Marcus Guidoti Acesse o post no Medium para acessar todas as referências do episódio:  https://medium.com/data-hackers/o-que-%C3%A9-a-modern-data-stack-data-hackers-podcast-59-a084bf351016",2022-10-24,3835663,pt-BR,False,episode
4Qw38VL42lD04N39PD2qF3,Empregos que serão substituídos por AI - Data Hackers Podcast 58,"Para cada novo avanço da inteligência artificial no mundo, existem pelo menos 100 pessoas preocupadas se serão substituídas por robôs. No episódio de hoje, discutimos sobre os avanços de IA e quais profissões pode estar suscetíveis a serem substituídas. Será que a gente de tecnologia está fora dessa zona de perigo? Acesse o post do episódio para ter acesso aos links: https://medium.com/data-hackers/os-empregos-que-ser%C3%A3o-substitu%C3%ADdos-por-ai-data-hackers-podcast-58-4879852c107d",2022-09-23,3370083,pt-BR,False,episode
1Ztf5cj9Mi4hycAzuhGs61,Democratização de Dados e AI no Grupo Boticário - Data Hackers Podcast 57,"Um ano depois desde nosso primeiro episódio juntos, o pessoal do Grupo Boticário volta ao podcast do Data Hackers para falar o que aconteceu nesses últimos meses. Philipp Nguyen (Chief Data Officer), Jordy Rocha (Lead ML Engineer), e Thamires Teixeira (Analista de Governança de Dados) compartilham alguns dos incríveis projetos de dados e AI que o GB está trabalhando atualmente, de iniciativas de democratização de dados a criação de uma plataforma de Machine Learning. Uma verdadeira aula de maturidade em dados! Veja as vagas abertas no Grupo Boticário:  https://www.linkedin.com/company/grupo-boticario/jobs/ Conheça nossos convidados Linkedin do Philipp Nguyen (https://www.linkedin.com/in/nguyenphilipp) Linkedin do Jordy Rocha (https://www.linkedin.com/in/jordy-antunes) Linkedin da Thamires Teixeira (https://www.linkedin.com/in/thamires-teixeira-90395278)",2022-08-26,3570050,pt-BR,False,episode
4FzX1lEKYeLE5XNz6cbkVp,Mudando de emprego em meio a crise  - Staff+ Podcast 03,"O mercado de tecnologia tem passado por uma crise, mas enquanto temos algumas empresas demitindo e congelando vagas, temos outras contratando e com pessoas procurando pelo primeiro ou próximo emprego. Nesse episódio, Paulo Vasconcellos, Marlesson Santana e Flávio Clésio dão dicas sobre como escolher seu próximo emprego, fugir de armadilhas e negociar a melhor oferta possível. Conheça os hosts Paulo Vasconcellos (@paulo_zip) Flávio Clésio (@flavioclesio) Marlesson Santana (@marlesson)",2022-07-15,3737991,pt-BR,False,episode
1TVPlWrsrLdhYlK7rZaBLt,Datathon e Data 4 Good - Data Hackers Podcast 56,"No episódio de hoje vamos falar sobre como dados e IA tem sido usados para criarem iniciativas que mudam o mundo. Você irá conhecer maratonas e ONGs que estão ajudando a criar desde melhores políticas de saúde pública até combater a violência contra a mulher. Para esse papo, convidamos o Gustavo Guimarães, CTO do Instituto Glória, para nos contar como dados tem sido utilizados para o bem no mundo. Links falados no episódio: https://medium.com/data-hackers/datathons-e-data-4-good-data-hackers-podcast-56-cea1aa90286c",2022-07-01,4011833,pt-BR,False,episode
4YLMD2Y78oTXEOmGpTvSvv,Advanced Analytics na Bain & Company - Data Hackers Podcast 55,"Hoje o seu podcast de dados favorito traz como é trabalhar com Data Science e Advanced Analytics na Bain & Company, uma das maiores e mais conceituadas consultorias do mundo! Para esse papo, trouxemos a Marianne Rodríguez (Senior Impact Lead), Danilo Carvalho (Data Science Manager), Martín Villanueva (Data Science Manager), Felipe Fiamozzini (Expert Associate Partner).  Nesse episódio eles falam sobre a jornada de quatro dias de trabalho na Bain, como equipes em diferentes países trabalham juntas, os projetos muito legais em que eles trabalham, e muito mais. Tá imperdível! Nossos convidados Marianne Rodríguez Danilo Carvalho Martín Villanueva Felipe Fiamozzini Acesse o link do post para ter acesso as referências e redes sociais dos convidados https://medium.com/data-hackers/advanced-analytics-na-bain-company-data-hackers-podcast-55-c23ece5cdba8",2022-05-06,4179748,pt-BR,False,episode
3XZdk9MD8TqHGkPzRQ5tDK,O Senior de hoje é o Staff de amanhã? - Staff+ Podcast 02,"No segundo episódio do Staff+ Podcast, Paulo Vasconcellos, Flávio Clésio e Marlesson Santana falam sobre essa discussão de senioridade e como isso pavimenta o caminho para o Staff+ Engineering. Falamos do que os profissionais de diferentes senioridades são feitos, as ferramentas que te ajudarão a ser um Staff+ e por que existe essa discussão de senior de 2 anos. Twitter: Paulo Vasconcellos (@paulo_zip) Flávio Clésio (@flavioclesio) Marlesson Santana (@marlesson) Acesse o post no Medium para ter acesso as referências: https://medium.com/data-hackers/o-senior-de-hoje-%C3%A9-o-staff-de-amanh%C3%A3-staff-podcast-02-db4c02839284",2022-04-29,3459369,pt-BR,False,episode
5mPSw7sDOceFLBJGEs3wqQ,Como Big Data vai morrer -  Data Hackers Podcast 54,"No episódio de hoje, Paulo Vasconcellos, Allan Sene e Gabriel Lages falam sobre um polêmico tema na indústria de dados: como o termo Big Data vai morrer. Essa conversa surgiu após uma entrevista com Andrew Ng, um dos pioneiros em AI no mundo, falando sobre darmos lugar a uma coleta de dados mais inteligente e ligada a um contexto. Baixe o dataset do State of Data Brazil no Kaggle (https://www.kaggle.com/datasets/datahackers/state-of-data-2021) Acesse o post no Medium para ter acesso as referências do episódio (https://www.kaggle.com/datasets/datahackers/state-of-data-2021)",2022-04-08,2929345,pt-BR,False,episode
3ul37YJskNvt7oJfRFSk0Z,O que faz um Staff Engineer? - Staff+ Podcast 01,"Se você acha que a única forma de evoluir na carreira é se tornando um gerente, ou sendo promovido para qualquer cargo de gestão de pessoas, esse podcast é pra você! Sejam bem-vindos ao Staff+ Podcast, onde Paulo Vasconcellos, Flávio Clésio e Marlesson Santana compartilham experiências e dicas para quem deseja conhecer e se aventurar pela carreira de Staff Engineer. Nesse primeiro episódio, tentamos definir o que é e o que faz esse profissional referência na carreira técnica. Twitter: Paulo Vasconcellos (@paulo_zip) Flávio Clésio (@flavioclesio) Marlesson Santana (@marlesson) Acesse o link no Medium para ter acesso as referências do episódio:  https://medium.com/data-hackers/o-que-faz-um-staff-engineer-staff-podcast-01-4b34c574a575",2022-03-18,3813328,pt-BR,False,episode
2wFOx8HgO5ib0sWH889jKd,"Salários, trabalho remoto, e senioridade: os resultados do State of Data Brazil - Data Hackers Podcast 53","Está na hora de trazer os aguardados resultados da State of Data Brazil, uma pesquisa que mapeou o mercado de dados brasileiro, feita pelo Data Hackers em parceria com a Bain & Company. Nesse episódio, trouxemos o Lucas Brossi e Felipe Fiamozzini para falarmos sobre os principais resultados da pesquisa e os desafios de fazer algo dessa escala no Brasil, daquele jeito descontraído de sempre do DH. Acesse o site do State of Data Brazil e tenha acesso ao relatório completo: https://stateofdata.com.br Linkedin do Felipe Fiamozzini (https://www.linkedin.com/in/felipe-fiamozzini-5457839) Linkedin do Lucas Brossi (https://www.linkedin.com/in/lucasbrossi) Vagas na Bain & Company (https://careers.bain.com/jobs)",2022-03-11,3882422,pt-BR,False,episode
798xcPzTynXrdCkqSbe51K,Como escolhemos o que vamos aprender  - Data Hackers Podcast 52,"Nesse episódio a gente fala o que vamos aprender em 2022 para evoluirmos na nossa carreira. Existem tantos assunto, como fazemos pra escolher o que vamos focar? Qual curso escolhemos? E quais assuntos interessantes para você avaliar esse ano. Acesse nosso post no Medium para ter acesso as referências: https://medium.com/data-hackers/como-escolhemos-o-que-vamos-aprender-data-hackers-podcast-52-a05a23653ab6",2022-02-23,3703562,pt-BR,False,episode
0bwtaOWWKspFTQPlX1oaZp,Tendências para Dados e AI em 2022 - Data Hackers Podcast 51,"Chegou aquele momento do ano em que vamos bancar a Mãe Dináh e fazer nossas previsões sobre o que achamos que será tendência na área de dados como um todo. Falamos sobre MLOps, Analytics Engineer, altos salários e até eleições! E é claro que convidamos novamente os Community Managers do Data Hackers para essa conversa: Marlesson Santana, Pietro Oliveira e Mario Filho! Acesse nosso post no Medium para ter acesso aos links das referências: https://medium.com/data-hackers/tend%C3%AAncias-para-dados-e-ai-em-2022-data-hackers-podcast-51-384c0554a4a2",2022-02-04,4382537,pt-BR,False,episode
0PY30KUTacxrAmFx9NKVTp,Como a Loft utiliza Dados para reinventar o mercado imobiliário - Data Hackers Podcast 50,"Já imaginou que desafios um time de dados tem ao disruptar o mercado imobiliário? Que tipo de dados eles usam e como coletam? Que produtos eles criam? E o que é o tal do Data BizDev? Isso e muito mais histórias curiosas você vai conhecer no episódio de hoje, em que convidamos o time de dados da Loft para contar como é o dia a dia de profissionais de dados nesse unicórnio brasileiro. Com a gente hoje está Guilherme Marmerola — Senior Data Science Manager — , Renata Nobre — Group Product Manager — , e Daniel Scalli — Head of Data Science. Confira esse episódio que está sensacional. Nossos convidados Linkedin do Daniel Scalli Linkedin do Guilherme Marmerola Linkedin da Renata Nobre Acesse o post no Medium para ter acesso as referências do episódio:  https://medium.com/data-hackers/como-a-loft-utiliza-dados-para-reinventar-o-mercado-imobili%C3%A1rio-data-hackers-podcast-50-9358ded1d7f0",2021-12-10,3672581,pt-BR,False,episode
0BWt3057urFTc31gJhfIs1,"O passado, presente e o futuro da Engenharia de Dados - Data Hackers Podcast 49","Como será que a área de Engenharia de Dados vai estar nos próximos anos? Que tipos de ferramentas, profissionais e processos existirão? Como foi o progresso até aqui? Ainda vale a pena usar Hadoop? E a tal da Feature Store, hein? Isso e muito mais nós conversamos com duas feras no assunto: Gustavo ""Prezado"" Campos — Gerente Senior de Engenharia de Dados na Hotmart — e Rodrigo ""Teoria"" Carneiro — Big Data Specialist na TK Solutions. Acesse nosso post com as referências: https://medium.com/data-hackers/o-passado-presente-e-o-futuro-da-engenharia-de-dados-data-hackers-podcast-49-34be714b20f6",2021-11-19,3244617,pt-BR,False,episode
6Lo8qSCOskhjETQlSqraV5,Trabalhando com dados e jogos na Wildlife Studios  - Data Hackers Podcast 48,"Sempre teve curiosidade em saber como profissionais de dados trabalham em uma empresa de jogos, que tipos de desafios eles enfrentam e quais ferramentas usam? Nesse episódio de hoje nós convidamos Arnaldo Gualberto  — Senior Machine Learning Engineer — e Felipe Antunes — Senior Staff Data Scientist — da Wildlife pra nos contar um pouco mais do seu dia a dia. Linkedin do Arnaldo: https://www.linkedin.com/in/arnaldo-gualberto/ Linkedin do Felipe: https://www.linkedin.com/in/feantunes/ Acesse nosso post do Medium pra acessar as referências: https://medium.com/data-hackers/trabalhando-com-dados-e-jogos-na-wildlife-studios-data-hackers-podcast-48-80ff8511716 ",2021-10-29,4088711,pt-BR,False,episode
5wy8XteJkrKPvflUHOzW2W,Mulheres em Dados na XP Inc. - Data Hackers Podcast 47,"Nesse episódio bem especial, Giovanna Neves conversou com mulheres que estão trabalhando em diversas áreas da XP Inc., que compartilharam suas experiências, desafios e dicas para quem está querendo começar na área. Para esse papo nós convidamos Isabelle Idalgo — Data Analyst — , Lis Barreto — Estagiária em Dados — , e Maíra Araújo — Senior Data Engineer. Vem conferir que está incrível! Conheça nossas convidadas: Giovanna Neves: https://www.linkedin.com/in/giovannand/ Lis Barreto: https://www.linkedin.com/in/lis-r-barreto/ Isabelle Idalgo: https://www.linkedin.com/in/isabelle-idalgo/ Maíra Araújo: https://www.linkedin.com/in/araujomaira Acesse nosso post no Medium para ter acesso as referências: https://medium.com/data-hackers/mulheres-em-dados-na-xp-inc-data-hackers-podcast-47-be0b2de6cec7",2021-10-08,3629818,pt-BR,False,episode
03oHZFon4UOXNoOvhfHEyi,Time Series Forecasting no Grupo Boticário - Data Hackers Podcast 46,"Hoje vamos falar sobre como podemos criar máquinas para prever o futuro! Isso mesmo, meus amigos, finalmente o tão pedindo episódio sobre Time Series Forecasting está no ar! E nós convidamos o pessoal do Grupo Boticário para nos contar como eles estão aplicando previsões em um dos maiores grupos de beleza do mundo. Para esse papo nós convidamos Domingos Santos, Lucas Marchioro e Thiago Alves para compartilhar da sua experiência com a gente. Acesse nosso post no Medium para ter acesso as referências: https://medium.com/data-hackers/time-series-forecasting-no-grupo-botic%C3%A1rio-data-hackers-podcast-46-c2396bf602c",2021-10-01,3669916,pt-BR,False,episode
1IbQAM7K94MIXM1tgx8Cj2,As maiores mentiras sobre carreira em Dados -  Data Hackers Podcast 45,"No episódio de hoje nós convidamos os Community Managers do Data Hackers para trocarmos uma ideia sobre as maiores mentiras e falácias que são contadas no mundo de dados. Ainda estão acreditando em salários altos? Ser gerente é o único caminho pro sucesso? E o tal do mestrado, hein? Quando vale a pena fazer? Nesse episódio nós trouxemos Mario Filho, Pietro Oliveira, e Marlesson Santana para contarmos os causos que já vimos aparecer na indústria. Acesse nosso post do Medium para acessar algumas referências:  https://medium.com/data-hackers/as-maiores-mentiras-sobre-carreira-em-dados-data-hackers-podcast-45-593bad7649",2021-09-24,4767320,pt-BR,False,episode
5SdiXLTPm6zoPvmcXRbgpu,"Construindo Data Lakehouse e muito mais, no Grupo Boticário  -  Data Hackers Podcast 44","O que é um Data Lakehouse? Parece mais uma nova modinha, mas não: é uma nova forma de se construir uma Plataforma que facilita e democratiza o acesso a dados, desde sua criação. Legal né? Essa e muitas outras discussões permearam nosso episódio 44, com a presença dos feras em Data Engineering do Grupo Boticário. Trouxemos as grandes referências do GB em Engenharia e Arquitetura de Dados para dar essa aula pra gente: Robson Mendonça (Gerente SR Engenharia de Dados), Edson Junior (Gerente de Engenharia de Dados)  Marcus Bittencourt (Gerente de Arquitetura e Plataforma de Dados). Veja os links do episódio no nosso post do Medium: https://medium.com/data-hackers/construindo-data-lakehouse-e-muito-mais-no-grupo-botic%C3%A1rio-data-hackers-podcast-44-20d67f05cfa4",2021-09-03,3462269,pt-BR,False,episode
0YsK6zhEeuSD78zeSoHcaB,Trabalhando com Dados no Grupo Boticário - Data Hackers Podcast 43,"Conheça as vagas do Grupo Boticário: https://bit.ly/GrupoBoticarioVagas Como que o maior grupo de beleza do mundo utiliza dados no dia dia? Já imaginou o desafio de democratizar dados para milhares de pessoas de um grupo que existe a décadas? E como que AI e Machine Learning é aplicado na indústria da beleza? Isso e muito mais a gente conversa nesse papo sensacional com o pessoal do Grupo Boticário. Mariana Oliveira (Data Product Owner), Erika Cipriano (Analista de BI e Analytics) e Antonio Junior (Data Scientist) compartilham com a gente um pouco do dia a dia deles nesse papo bem descontraído. Acesse nosso post do Medium pra ter acesso as referências do episódio: https://medium.com/data-hackers/trabalhando-com-dados-no-grupo-botic%C3%A1rio-data-hackers-podcast-43-9279a6e73815",2021-08-13,4352078,pt-BR,False,episode
6BPMIwA3BOVc4AKC9aInxz,Desmistificando GPU (feat. Nvidia) - Data Hackers Podcast 42,"Você ainda acha que placa de vídeo só é usada pra rodar jogos? Ainda acha que é preciso desembolsar milhares de reais para começar a usar uma? Ou então acha que só quem mexe com Deep Learning está usando GPUs? Se você acha isso, esse episódio é pra você! Nós convidamos nossos amigos da Nvidia, João Paulo Navarro (Solutions Architect) e Patrícia Pampanelli (Solutions Architect) pra desmistificar tudo que precisamos saber sobre as famosas GPUs.  Siga a Nvidia no Linkedin: https://www.linkedin.com/showcase/nvidiabrasil/   Linkedin da Patricia Pampanelli: https://www.linkedin.com/in/patricia-pampanelli/  Linkedin do João Paulo Navarro: https://www.linkedin.com/in/jppnavarro/  Acesse nosso post no Medium pra ter acesso as referências do episódio: https://medium.com/data-hackers/desmistificando-gpu-feat-nvidia-data-hackers-podcast-42-9787130892b5",2021-07-30,4031895,pt-BR,False,episode
72804c7IpjxUKCZ2lSi8G5,Data Products no Magalu - Data Hackers Podcast 41,"Você já ouviu falar de produto de dados? Já parou pra pensar como é criar produtos que facilitam a vida de times consumirem e enviarem dados, criar modelos e gerar inteligência para o negócio? É sobre isso que vamos falar hoje junto com Marcelo Oses — Data Group Product Manager no Magalu — e Filipe Comparini — Data Platform Manager no Magalu — , onde eles compartilham como foi essa experiência em criar produtos e plataformas de dados para os times do Magazine Luiza. > A NOVA PARCEIRA DO DH É O GRUPO BOTICÁRIO! A Estratégia de Dados do Grupo Boticário: https://bit.ly/DadosGB Vagas no Grupo Boticário: https://bit.ly/GrupoBoticarioVagas > Links do episódio Clique aqui e acesse o link do nosso post no Medium pra ter acesso as referências",2021-07-09,3886132,pt-BR,False,episode
3vLzao10yMiPAdh0xNgziq,Data Forensics: dados no combate a corrupção - Data Hackers Podcast 40,"Você já parou pra pensar onde a análise de dados entra em famosos casos de corrupção no Brasil? Como que especialistas descobrem fraudes empresariais, como lavagem ou desvio de dinheiro? Que ferramentas eles usam? Eles são tipo o CSI? Convidamos pra esse papo Osvaldo Aranha, que é Head of Azure Data & AI na Microsoft e que tem mais de 10 anos de experiência trabalhando com análise forense. Acesse nosso post para ter acesso aos links: https://medium.com/data-hackers/data-forensics-dados-no-combate-a-corrup%C3%A7%C3%A3o-ded846fcbfb8",2021-06-18,4569469,pt-BR,False,episode
64aQz7OxIaf8thmEeNrRUW,Como começaríamos em Data Science hoje? - Data Hackers Podcast 39,"E se tivessemos que começar tudo de novo? Quais erros evitaríamos cometer no começo da carreira? Ainda faríamos faculdade? Quais skills consideramos as mais importantes? Paulo Vasconcellos, Allan Sene e Gabriel Lages compartilham o que fariam se tivessem que começar a carreira tudo de novo. Vem que esse episódio está muito legal! Acesse nosso post no Medium: https://medium.com/data-hackers/como-come%C3%A7ar%C3%ADamos-em-data-science-hoje-data-hackers-podcast-39-fb5394c8f98b",2021-05-21,4189309,pt-BR,False,episode
64wFlRPkCvFNQ4827wqZAS,Data Visualization e Storytelling - Data Hackers Podcast 38,"O episódio do podcast do Data Hackers de hoje tem duas missões: te ensinar a contar melhores histórias usando dados e conseguir falar de visualização de dados apenas usando áudio! Pra essa conversa, nós trouxemos o três vezes premiado pelo Kaggle André Sionek — Senior Data Engineer na Gousto — pra nos dar uma verdadeira aula sobre como usar Data Viz para criar um bom Storytelling. Acesse nosso post no Medium para ter acesso aos conteúdos que falamos no episódio: https://medium.com/data-hackers/data-visualization-e-storytelling-47f966755fcd",2021-04-14,3748284,pt-BR,False,episode
5OmpUzx0YuOgdyPXm83SXd,Usando AI para melhorar o Day Trading - Data Hackers Podcast 37,"No episódio de hoje nós conversamos sobre os bastidores da criação de um produto de AI para o mercado de renda variável, mais especificamente para Day Trading. Trouxemos o pessoal da XP Inc. para conversar sobre os desafios, como foi a criação do projeto, os resultados alcançados e até as ferramentas utilizadas. Vale muito a pena conferir esse papo! Acesse o nosso link no Medium para ter acesso as referências: https://medium.com/data-hackers/usando-ai-para-day-trading-data-hackers-podcast-37-4bf6a9be0651",2021-03-31,3669603,pt-BR,False,episode
4JtFbuiLF02D5IlkXAqJ6l,Tendências para Dados em 2021 - Data Hackers Podcast 36,"Chegou aquele momento do ano em que vamos bancar a Mãe Dináh e fazer nossas previsões sobre o que achamos que será tendência na área de dados como um todo. LGPD vai ou não vai? Vamos ter mais dados vazados? Novos profissionais de dados irão surgir? Vem com a gente que o papo tá muito legal. E é claro que convidamos novamente os Community Managers do Data Hackers para essa conversa: Marlesson Santana, Pietro Oliveira e Mario Filho! Acesse nosso post para ter acesso as referências: https://medium.com/data-hackers/tend%C3%AAncias-para-dados-em-2021-data-hackers-podcast-36-d0f417d11a2e",2021-02-19,5087713,pt-BR,False,episode
79yBaDbkmRBRSS1ESRBFWO,Linguagem R - Data Hackers Podcast 35,"No episódio de hoje do seu podcast de ciência de dados favorito, nós iremos falar sobre a linguagem R e como ela tem sido utilizada em Data Science, Machine Learning e Análise de Dados. E para nos dar uma verdadeira aula sobre tudo que a ferramenta tem para nos oferecer, convidamos Gabriela de Queiroz — Machine Learning Manager na IBM e fundadora do R-Ladies — e Athos Damiani — Cientista de Dados e cofundador do Curso R. Vem com a gente que esse podcast está incrível! Acesse nosso post do Medium para ter acesso a links e referências:  https://medium.com/data-hackers/linguagem-r-com-gabriela-de-queiroz-e-athos-damiani-data-hackers-podcast-35-a21b053e2636",2021-01-29,4615001,pt-BR,False,episode
52YTW05YC9EVCgcLSi5Zlt,Dados e Bolsa de Valores - Data Hackers Podcast 34,"Fala, Data Hacker! Que tal aprender um pouco sobre Bolsa de Valores e aproveitar pra conhecer algumas dicas sobre como começar suas próprias análises (com dicas de bibliotecas em Python)? É isso que nós iremos falar no episódio do nosso podcast hoje, onde convidamos a galera da XP Inc. e Clear Investimentos pra nos dar uma verdadeira aula sobre o mercado de renda variável. Acesse nosso post no Medium para ter acesso aos links e vagas: https://medium.com/data-hackers/dados-e-bolsa-de-valores-data-hackers-podcast-34-fdf8cdeafb7e",2020-12-20,3553280,pt-BR,False,episode
1T6X1ohOvFt4ClF5ucjQ8o,BI e Digital Analytics - Data Hackers Podcast 33,"Seja bem-vindo a mais um episódio no podcast do Data Hackers! Dessa vez nós falamos sobre o passado, presente e futuro do BI, e como a XP Inc. vem usando essa tecnologia no seu dia a dia para tomada de decisão. Você irá conhecer como eles tem estruturado seus times para responder perguntas de negócio de forma mais rápida e eficiente. ",2020-11-27,3498816,pt-BR,False,episode
4RQCTzxb5JUbYdYWKCNBEu,UFB: Ultimate Fighter Buzzword - Especial de 2 Anos,"Para comemorar os 2 anos de podcast do Data Hackers, além dos mais de 300 mil downloads de nossos episódios, estamos muito felizes em trazer esse especial para vocês para comemorarmos todo esse tempo que vocês tem nos acompanhado. Marlesson Santana, Pietro Oliveira e Mario Filho participam dessa conversa com a gente para decidirmos quais são as buzzwords mais irritantes no mundo de dados, tecnologia e negócio. Apenas um disclaimer, galera: esse episódio tem como objetivo unica e exclusivamente o entretenimento. Além das brincadeiras que fizemos não refletirem nossa opinião, não levem a sério nenhuma das piadas que fazemos. Nos divertimos muito gravando esse episódio, e esperamos que vocês curtam também! ❤",2020-10-16,4198008,pt-BR,False,episode
1SSk4Gp5T5wUVOVZ4KcLj3,"Dados, Design e UX Research - Data Hackers Podcast 31","Dados nos permitem fazer um trabalho muito importante quando precisamos responder perguntas do tipo “O que”, mas, quando precisamos responder as do tipo “Por que” temos um grande aliado para isso: o UX Research. Essa área é responsável por pensar em formas de pesquisa para entender o comportamento e experiência do usuário no seu produto, plataforma, ou serviço. O mais interessante, é que as vezes as duas visões podem ser bem discrepantes, mas isso não é necessariamente ruim, com você verá nesse episódio. Para nos contar como está sendo unir Design, UX Research e Data Science no dia a dia, convidamos a galera da XP Inc. para esse papo. Com a gente está o Julian Jordan — Head of Design Research & Quantified Design— e o Fausto Costa — Data Scientist. Acesse nosso post no Medium para ter acesso as dicas que falamos:  https://medium.com/data-hackers/dados-design-e-ux-research-data-hackers-podcast-31-27c58f3eb911",2020-10-02,3706828,pt-BR,False,episode
25MsOzMyByDVUbVfbjDaE4,Computer Vision (feat. Programação Dinâmica) - Data Hackers Podcast 30,"Computer Vision  — Visão Computacional, em tradução livre —  é uma das áreas de processamento de imagem e AI que mais chamam a atenção de iniciantes na área, e até mesmo leigos, afinal, quem nunca se impressionou com um deep fake que pipocou na sua timeline? A verdade é que a área de CV é muito ampla, e nós discutimos nesse episódios seu funcionamento, e os impactos sociais que algoritmos enviesados podem ter. Para nos ajudar nesse papo, convidamos Kizzy Terra e Hallison Paz, do canal Programação Dinâmica no Youtube pra contar como é o dia a dia deles com esse tipo de tecnologia, e como podemos começar a utilizá-las em nossos projetos. Acesse nosso post no Medium para ver todas as referências: https://medium.com/data-hackers/computer-vision-feat-programa%C3%A7%C3%A3o-din%C3%A2mica-data-hackers-podcast-30-9844ab652975",2020-09-20,4725525,pt-BR,False,episode
5zDjsABo54KLo3eMubocUs,O que é Data Lake - Data Hackers Podcast 29,"Não tem como falarmos de Big Data sem falarmos dos famigerados Data Lakes: repositórios de dados que tem como objetivo centralizar diferentes fontes em um lugar, e quem tem sido vital para sustentar o crescimento de muitas empresas. Mas, você sabe como projetos de Data Lakes surgem e por que alguns falham? Isso e muito mais nós iremos discutir nesse episódio de hoje. E, para nos dizer como está sendo criar Data Lakes em empresas no exterior, convidamos dois Data Hackers para contar suas experiências. Nesse papo está André Sionek, que é Data Engineer na Gousto, na Inglaterra; e Maikel Penz, Senior Data Engineer na Spidertracks, na Nova Zelândia. Acesse nosso post no Medium para ter acesso as referências do episódio: https://medium.com/data-hackers/data-lakes-data-hackers-podcast-29-c2e8484e16ec",2020-09-04,4035161,pt-BR,False,episode
4sh9Y9JoreIepNQl1HB1IT,Criando uma cultura data-driven na XP Inc. - Data Hackers Podcast 28,"Quão difícil é alterar a cultura de uma empresa que nasceu e viveu grande parte de sua vida nos métodos tradicionais de tomada de decisão? Some isso ao fato de ser uma das maiores empresas do mercado financeiro, e você terá um dos maiores desafios que profissionais de dados podem ter: criar uma cultura orientada a dados. E é sobre isso que vamos conversar no episódio de hoje! Acesse nosso post no Medium para ter acesso aos conteúdos que falamos no episódio: https://medium.com/data-hackers/criando-uma-cultura-data-driven-na-xp-inc-data-hackers-podcast-28-6b9d680d7ff8",2020-08-21,3102601,pt-BR,False,episode
1ZrEKtFW1539AKMlmJAUre,"O que é Natural Language Processing, o tal do NLP - Data Hackers Podcast 27","Um dos campos que mais estão crescendo e sendo aplicados em AI e Data Science é o NLP, o Processamento de Linguagem Natural. Mas você sabe o que é o Natural Language Processing e como começar a aplicar nos seus projetos? Nesse episódio de hoje vamos entrar de cabeça nesse assunto altamente importante para quem precisa lidar com dados de texto e voz. E, para esse episódio, convidamos Flávio Clésio — Machine Learning Engineer na MyHammer — , e Ahirton Lopes — PhD Student no Mackensie e Data Scientist na Magna Sistemas — para que eles possam nos contar como tem sido a experiência deles aplicando NLP na indústria e academia. Acesse nosso post no Medium para ter acesso as informações que falamos no episódio: https://medium.com/data-hackers/o-que-%C3%A9-natural-language-processing-o-tal-do-nlp-data-hackers-podcast-27-9819c1bed5bd",2020-08-07,5538168,pt-BR,False,episode
3TALTMRbortPMhzLyuuJtg,Como é trabalhar com dados na XP Inc. - Data Hackers Podcast 26,"Já se perguntou como é o trabalho de data scientists e data engineers na XP Inc. — grupo que concentra empresas como XP Investimentos, Rico, InfoMoney, dentre outras — , uma das maiores empresas no mercado financeiro? No podcast de hoje você irá conhecer os desafios que eles enfrentam, que tipo de profissionais procuram, e até como você pode fazer parte do time deles! Acesse nosso post para ter acesso a mais conteúdos sobre o episódio: https://medium.com/data-hackers/como-%C3%A9-trabalhar-com-dados-na-xp-inc-data-hackers-podcast-26-8a82e10227ca",2020-07-24,3434867,pt-BR,False,episode
1gWZugoCgqkQphakxXY94h,"Deep Learning: o que é, como funciona e como começar  - Data Hackers Podcast 25","Cada vez mais estamos em contato com tecnologias de Deep Learning — Aprendizado Profundo — , seja usando filtros de Instagram, usando FaceApp, assistindo vídeos de Deep Fake, ou criando seu primeiro modelo de redes neurais. O episódio de hoje do podcast do Data Hackers irá justamente falar dessa tecnologia que está cada vez mais presente no nosso dia a dia. Nesse episódio de hoje, convidamos os Data Hackers Marlesson Santana — nosso Community Manager e Data Scientist na CQuantt — e Diogo Cortiz — Professor na PUC-SP e Researcher na NIC.br — para bater um papo sobre o que é Deep Learning, quais avanços tivemos nos últimos anos e como você pode aprendar mais sobre essa área para sua carreira. Acesse o post do Medium para ter acesso às fontes que falamos no episódio:  https://medium.com/data-hackers/deep-learning-o-que-%C3%A9-como-funciona-e-como-come%C3%A7ar-data-hackers-podcast-25-47d9ca443f4",2020-06-27,5575445,pt-BR,False,episode
7f33NocwHanRHYKDUutlcd,O dia a dia de um Machine Learning Engineer - Data Hackers Podcast 24,"O seu podcast de Ciência de Dados favorito está de volta com um episódio sobre Engenheiros de Machine Learning! Entenda como é o dia a dia desses profissionais responsáveis por não deixar aquela sua rede neural quebrar quando receber mil requests por minuto. Nesse episódio de hoje, convidamos os Data Hackers Flávio Clésio — Machine Learning Engineer na MyHammer, na Alemanha — e Diogo Munaro — Machine Learning Engineer na OLX — para nos contar causos do cotidiano deles, além de dar dicas sobre como você pode começar na área. Acesse nosso post do Medium para ter acesso as coisas que falamos durante o episódio: https://medium.com/data-hackers/o-dia-a-dia-de-um-machine-learning-engineer-data-hackers-podcast-24-cd0a0f7f2e51",2020-05-22,4710400,pt-BR,False,episode
2L00DSVPld01UoBxLakUPq,As Mentiras que te contam sobre Data Science  -  Data Hackers Podcast 23,"Fala, Data Hackers! Sejam muito bem-vindos a mais um podcast! No Dia da Mentira, nada mais justo do que contar as maiores mentiras que te falam sobre Data Science. Salários de R$ 34 mil? Precisa de faculdade para trabalhar com Ciência de Dados? E o Inglês, hein? Nesse episódio de hoje, convidamos os nossos amigos que não nos deixam mentir sozinhos: os Community Managers Marlesson Santana, Pietro Oliveira e Mario Filho, para desmistificar a área de dados e dar uma visão bem mais realista sobre como é o nosso dia a dia. Acesse nosso post do Medium para ter acesso aos links do episódio: https://medium.com/data-hackers/as-mentiras-que-te-contam-sobre-data-science-data-hackers-podcast-23-900b11036bf6",2020-04-01,5307272,pt-BR,False,episode
7i5yyDrW0dywCbl9KUtGcx,Health data e o Coronavírus - Data Hackers Podcast 22,"Você sabe o que é Health Data? O que será que faz um profissional de dados no ramo da saúde? Como o trabalho dessa galera é impactado por pandemias como o Coronavírus? É um pouco do que você vai conhecer nesse episódio. Para bater um papo com a gente, convidamos os Data Hackers Marcel Ribeiro-Dantas — Pesquisador no Institut Curie e doutorando na Sorbonne Université, na França — , e Pedro Gemal — Médico e CTO da PebMed — para que nos contem como é o dia a dia de pessoas que estão trabalhando com dados na saúde. Acesse nosso post no Medium para ter acesso aos links do episódio:  https://medium.com/data-hackers/health-data-e-o-coronav%C3%ADrus-data-hackers-podcast-22-2b059d460cb1",2020-03-20,3981166,pt-BR,False,episode
6EHVRQOCQvTdCYY6dKUaZY,O desafio de criar comunidades de tecnologia - Data Hackers Podcast 21,"No episódio de hoje, convidamos o ilustre Paulo Silveira, CEO e co-fundador do Grupo Caelum e Alura para falar como foi criar uma das maiores e mais antigas comunidades de tecnologia do Brasil: o GUJ. Além disso, relembramos como foi a criação do Data Hackers e como você pode se engajar e criar comunidades. Acesse o post para ter acesso aos conteúdos que falamos durante o episódio: https://medium.com/data-hackers/o-desafio-de-criar-comunidades-de-tecnologia-data-hackers-podcast-21-d8fae5bde5e6",2020-03-13,3261309,pt-BR,False,episode
5YcKBsxpc4El96J07OPRIw,Estatísticas para Data Science - Data Hackers Podcast 20,"Fala, Data Hackers! Seja bem-vindo a mais um episódio do podcast de Ciência de Dados da maior comunidade de Data Science do Brasil-sil-sil! No episódio de hoje falaremos de uma das melhores amigas da área de dados: a Estatística! No episódio de hoje, convidamos os Estatísticos Luciana Lima — Head de Analytics na A3Data — e André Calaça — Co-fundador da Oper — para falar sobre como eles trabalham com Data Science, como Cientistas de Dados podem aprender Estatísticas, como Estatísticos podem se tornar Cientistas de Dados, e se Python é melhor que R mesmo.",2020-02-14,3670962,pt-BR,False,episode
